test_cas,species,score
28,316,3
1484,278,3
576,316,2
502,316,2
1499,179,1
2355,303,1
1294,404,4
771,220,1
660,316,1
1316,260,2
1470,152,3
225,337,4
1286,3,4
2530,267,2
2206,267,5
1656,267,3
1725,87,5
1324,220,3
1473,408,1
76,316,2
820,220,4
1458,403,4
643,393,5
2199,164,2
446,90,2
66,335,2
576,204,3
1496,175,1
788,267,5
446,308,3
1903,267,1
1261,316,2
2200,197,3
736,316,3
1456,72,4
1970,220,1
1036,395,1
1050,316,5
655,316,4
575,220,3
1877,267,5
1501,3,1
1546,369,2
975,316,1
1608,176,4
1138,404,4
1439,69,2
1642,198,2
2239,220,1
1713,316,5
755,359,3
1554,267,4
538,319,3
1830,99,5
1526,3,1
215,220,5
1119,404,4
1122,319,4
2365,404,2
932,316,1
743,31,2
1927,404,4
225,256,4
1788,220,1
1807,319,5
1333,220,4
1245,220,3
1190,267,1
1507,220,3
1108,316,1
736,220,3
2347,395,2
1664,99,5
887,316,3
1011,357,3
2371,188,5
1644,31,3
1959,136,4
953,267,1
537,333,5
2316,267,1
1502,66,2
695,136,4
2009,316,2
1950,204,1
1784,331,3
2238,220,3
1102,331,5
1102,198,5
1495,359,2
2499,316,2
1527,346,1
230,136,3
715,220,1
2143,220,3
1618,267,1
1507,384,5
1916,220,5
2104,143,5
726,250,3
214,346,2
1605,407,4
2019,319,3
1892,220,2
2039,267,2
1597,335,3
98,330,1
1480,331,4
1644,103,3
46,342,5
21,342,3
2344,220,1
2425,267,3
1101,3,1
500,220,2
550,220,4
1199,267,1
2317,267,1
127,220,2
4,346,5
29,31,2
1213,267,3
565,316,3
2179,267,1
1838,316,4
2053,331,5
1675,316,5
637,316,1
1437,377,2
2182,267,2
1523,400,4
108,331,4
2039,204,2
294,260,2
81,316,3
4,87,5
148,7,1
429,331,2
1912,404,3
643,187,3
1523,405,2
519,220,3
1839,319,4
1711,342,5
1599,267,1
1851,404,3
2149,316,2
1241,316,3
1956,404,4
1499,208,1
643,220,5
1556,108,3
146,319,1
541,198,1
1960,319,1
1547,316,4
42,395,5
743,220,3
1109,246,5
639,404,3
1142,72,2
2326,330,2
103,342,5
232,316,2
1170,267,4
1591,220,3
731,267,4
1549,7,1
715,331,2
1715,13,2
215,141,5
2473,267,1
207,31,2
577,319,3
14,131,4
1141,331,2
641,220,1
1480,346,5
1912,220,3
392,330,2
1402,331,1
1534,175,3
1460,359,2
1182,319,4
1922,404,1
1675,87,2
1534,12,4
1534,187,4
2281,267,5
57,335,2
924,316,3
205,316,3
1644,80,3
1535,108,5
104,3,5
2178,197,3
440,204,2
1635,122,1
2089,80,5
820,267,5
2469,404,3
2493,220,4
890,316,5
1534,91,4
2068,220,2
63,331,1
1752,331,1
2052,316,1
1628,346,5
427,316,1
527,346,1
1316,263,2
1670,330,2
46,415,5
1535,246,4
755,31,3
1640,330,4
962,267,3
2083,198,1
582,114,3
2287,143,2
1484,72,4
1316,340,3
963,204,1
1718,331,4
2150,316,4
2211,220,1
1703,220,4
2568,78,3
598,319,2
195,319,3
1099,108,5
1495,32,2
439,95,2
1679,267,5
2117,198,3
1712,198,3
2049,259,1
2140,395,3
2089,187,3
1176,267,1
58,87,5
2146,316,3
2526,141,5
28,215,3
142,413,5
572,220,3
2350,220,2
200,319,5
1711,72,5
1288,31,3
1186,316,3
1178,316,2
1467,80,2
57,196,2
1535,226,4
1085,131,2
2528,404,3
1506,3,1
230,331,3
58,152,5
2391,278,4
140,319,5
1367,370,2
348,316,1
209,220,2
837,0,3
2478,404,5
1665,310,1
1581,87,2
123,3,1
1561,404,3
947,393,2
198,44,3
2015,330,1
1523,393,4
2257,267,3
728,188,2
278,316,2
225,127,4
1644,409,2
532,260,5
1158,151,2
1839,340,4
139,404,5
71,267,4
1640,316,3
1859,7,4
596,44,1
843,291,3
1470,300,4
2081,267,3
104,319,5
1501,267,2
219,198,2
1897,220,2
1497,220,3
1939,267,1
1523,214,3
1644,146,4
1159,188,2
446,245,3
1203,220,4
1577,72,5
2093,267,2
70,292,3
1176,115,1
167,220,2
1120,220,3
1617,316,2
2507,267,1
642,198,5
262,319,2
1219,220,3
103,87,5
440,316,2
1844,316,2
1554,361,4
1054,316,5
1717,359,1
1484,236,4
215,175,5
2347,158,2
731,268,4
1941,404,4
1644,304,4
1489,151,1
2347,197,2
1998,267,4
2066,110,3
1517,304,2
1597,72,3
134,72,1
280,316,2
2448,404,1
696,319,4
66,268,4
684,316,3
1535,21,5
1717,267,2
1819,220,2
1861,220,1
1918,267,1
755,402,3
3,235,3
1976,220,4
2039,183,2
2247,72,4
539,0,4
597,44,1
1018,244,2
2389,87,2
314,220,3
847,393,4
726,13,2
104,0,5
340,220,2
1506,0,1
1919,220,1
87,316,1
33,319,2
2469,220,3
215,31,3
1534,254,5
1507,11,4
1274,331,1
1482,346,1
2201,220,3
262,316,2
519,316,3
2573,267,3
244,263,3
712,267,3
1490,330,1
1853,72,5
1091,136,4
429,267,3
198,267,4
1018,31,3
1967,220,3
1644,76,2
296,331,3
633,397,1
267,220,4
2488,267,5
266,238,2
1502,42,3
1996,267,1
1745,316,3
71,220,4
2397,220,3
1646,267,5
577,316,3
1644,327,3
2042,267,1
2098,278,4
2384,220,2
545,141,3
1460,304,2
1288,0,5
2419,220,3
576,380,2
623,316,1
1496,147,1
739,263,5
1790,220,2
755,187,2
2059,331,4
1968,316,1
884,220,4
1403,316,1
2548,267,1
2576,330,5
230,314,3
1987,335,5
587,220,4
1713,393,5
541,267,2
903,316,2
1553,198,2
1517,278,2
1505,267,1
271,103,1
1507,293,4
4,263,3
1534,56,3
639,316,3
1558,3,1
1692,411,3
465,316,1
2376,220,1
515,220,3
787,90,5
390,267,3
1732,245,5
1810,267,3
2207,220,1
726,220,3
191,220,1
633,342,1
1122,72,4
1540,316,1
1619,267,1
1027,7,1
1535,14,4
2177,220,1
2383,316,4
2371,267,5
2098,246,5
1099,305,4
1467,204,5
1252,143,2
1598,220,5
1467,110,4
1119,204,3
1122,349,5
43,267,1
492,316,1
2288,220,4
1679,31,5
540,319,5
1332,267,4
346,220,2
1709,176,4
1573,316,2
1644,4,2
33,316,3
2470,267,1
1534,402,3
139,316,5
2148,267,5
642,268,5
154,333,4
2477,220,3
2534,404,2
1881,331,3
1534,28,4
270,246,1
1166,316,3
695,282,4
1534,85,4
576,220,5
1857,267,3
1461,226,4
184,330,2
689,3,1
1869,292,2
1484,39,4
1002,69,3
2135,267,3
1853,198,4
2403,220,5
2042,404,1
636,333,5
2508,267,1
1636,3,1
1535,4,4
2039,72,2
1158,344,3
1734,404,2
2250,220,4
26,331,5
154,413,4
1687,138,3
2563,267,1
706,316,2
1374,316,2
2249,151,3
203,220,2
2066,80,4
576,302,2
1293,267,2
2497,220,4
1644,298,4
1938,72,2
416,319,3
843,267,4
1283,316,1
2447,220,2
291,139,3
2324,267,5
260,220,3
2379,76,4
1484,14,3
2066,90,3
402,90,5
70,319,3
529,175,4
2472,404,1
1473,231,2
497,220,1
696,336,5
1093,72,1
532,44,5
530,316,1
201,279,5
1717,3,4
1467,304,4
939,72,5
2340,220,3
446,169,3
1480,333,3
1409,220,3
1592,267,2
1044,220,2
2200,273,3
2104,42,4
40,330,3
1756,359,2
1948,267,4
734,316,2
968,316,2
1644,92,5
793,316,1
1699,404,4
1777,319,3
1052,342,2
2425,404,3
1494,211,1
225,310,4
1881,267,3
629,316,1
1494,71,1
485,404,1
1484,207,4
1537,212,5
1571,72,1
751,316,3
1174,220,2
582,79,3
1468,98,2
1546,246,2
739,31,5
787,72,5
1228,31,4
2054,220,5
945,316,3
2439,267,3
1800,280,3
2217,267,3
341,316,2
2066,244,3
1910,220,5
2354,404,5
625,267,3
1191,316,2
1830,115,5
105,319,3
228,220,3
1171,316,4
1805,204,1
1484,192,5
978,319,3
1523,3,3
1061,3,1
46,225,5
2405,220,2
1176,187,1
271,220,1
1284,267,4
743,244,2
183,267,5
351,220,3
905,267,3
2406,267,1
2524,267,4
1903,72,1
1541,3,1
532,4,5
1484,21,4
1853,279,4
70,395,3
2569,316,3
1830,31,5
1881,244,3
1657,316,2
1473,346,3
2450,319,1
2274,220,5
2385,316,3
177,316,3
30,316,5
2284,267,2
1535,358,5
859,90,5
2488,220,5
2292,404,5
532,380,5
57,220,3
1499,316,1
702,316,3
1869,220,3
1824,141,3
1052,99,3
468,316,3
1787,220,3
215,331,4
2178,273,3
2083,395,1
1444,220,4
699,175,1
2115,267,2
2541,72,5
142,404,5
1059,346,2
867,346,3
58,346,5
14,244,4
2128,220,1
1457,331,1
1747,220,3
2355,220,1
1692,201,3
287,204,2
496,220,1
1728,319,2
2191,220,2
1053,316,3
1634,3,1
692,316,3
1913,267,1
2233,87,4
901,316,3
541,0,4
1124,100,5
850,267,3
1100,316,2
2418,220,3
1963,354,5
1644,122,4
923,316,2
2102,220,3
206,220,4
1686,346,3
595,267,1
2528,220,3
1288,16,4
288,415,2
1597,370,2
1394,316,3
1307,225,4
2079,267,1
1315,220,4
859,136,5
1109,396,5
2366,220,3
1922,267,1
1546,319,2
1534,88,3
935,316,4
58,260,5
1717,331,2
1229,220,4
296,204,3
1534,11,4
57,76,2
1561,226,4
2235,404,3
57,341,4
1085,202,2
1487,3,1
576,317,3
433,72,1
789,331,2
2333,220,3
1254,319,2
2104,220,5
1572,3,1
201,267,5
681,132,2
1328,404,4
827,404,3
1558,316,1
2184,267,3
1042,132,3
1468,316,2
1159,198,2
464,316,1
1954,319,5
1205,316,2
258,220,3
1534,274,4
392,204,2
844,220,4
1443,404,4
1119,317,4
1781,267,3
84,220,1
815,316,2
212,316,4
636,98,4
1649,316,2
1523,175,2
1366,267,2
103,244,5
1790,267,1
361,267,1
8,136,3
272,87,4
1644,91,3
1473,316,3
582,228,4
2089,267,5
532,118,5
768,267,3
2570,267,2
636,330,3
70,198,3
763,267,4
2108,158,4
1470,410,5
875,316,4
152,99,4
1546,0,2
625,319,3
376,154,4
1017,316,2
2089,263,5
1496,72,1
478,316,2
1332,316,4
1975,172,2
542,220,3
225,355,4
1534,228,3
726,79,3
225,241,4
946,316,3
739,175,5
1792,393,5
1106,233,5
1674,136,4
1473,267,3
726,152,3
544,319,2
103,267,5
115,316,1
8,316,3
1157,0,5
1159,187,2
935,404,3
1724,331,3
230,267,3
58,319,5
1372,267,4
201,90,5
824,316,1
1220,292,5
576,292,3
1375,267,2
891,187,3
1922,316,1
1052,330,2
1204,395,2
1690,404,4
859,198,5
440,192,1
1383,316,3
247,316,3
745,330,3
2047,198,1
156,316,1
1969,316,2
1692,319,3
1546,317,2
1140,220,3
836,316,2
649,316,1
582,267,3
2120,316,2
1363,316,4
93,316,5
1473,220,3
1519,131,2
2386,316,1
1830,393,5
446,343,2
446,72,5
2081,69,3
576,413,4
409,187,3
505,220,1
1669,330,3
1160,267,2
1783,136,4
699,316,1
2500,404,3
1081,316,1
119,316,1
1158,267,2
1584,341,5
1928,220,4
1863,404,2
2505,267,2
66,58,2
2566,267,2
1523,48,4
1197,220,2
1534,49,4
1692,341,4
435,31,2
1824,404,3
2561,267,4
2344,246,1
104,47,5
584,267,3
694,220,2
576,136,4
1008,316,1
1482,379,2
1830,187,5
1093,278,1
1519,157,3
1312,319,4
1199,319,1
1534,99,3
2074,278,2
936,316,4
2546,72,5
1710,198,2
1473,413,2
714,72,3
1492,3,1
2400,204,1
2094,76,4
271,377,1
226,267,4
506,267,1
1827,198,2
1183,331,3
117,316,2
1368,220,2
2347,273,2
286,316,2
1523,138,3
755,404,3
1724,244,3
1424,316,2
2250,316,5
4,50,5
1159,70,3
159,31,1
1534,165,4
576,401,4
739,317,5
1106,342,5
484,330,1
746,331,3
1534,280,4
575,44,4
29,220,4
1316,319,3
749,268,3
1107,176,5
2345,220,1
1826,220,2
95,316,1
376,140,5
1927,220,4
1493,198,1
70,393,3
1495,267,4
1010,316,1
207,220,1
1335,204,1
749,346,3
2234,267,3
1106,267,5
201,255,5
1484,304,5
642,141,5
633,267,4
613,316,1
1534,393,5
1525,220,1
1609,176,3
2421,267,2
940,143,2
1164,198,3
1357,316,1
1869,342,4
1874,220,4
1392,316,1
1416,316,3
1880,220,3
1127,316,1
1157,267,5
1497,379,3
285,316,3
58,395,5
136,7,1
1645,175,4
1176,316,1
839,316,2
1761,267,1
4,393,5
1581,89,3
2318,143,2
1494,11,1
1106,260,4
244,404,3
201,260,5
333,267,3
146,407,1
1198,319,1
257,220,4
1644,38,3
755,87,3
1198,115,1
1473,3,1
1068,93,3
2142,220,5
582,341,3
225,340,5
14,31,2
1616,220,2
1916,319,5
63,389,1
235,87,4
743,72,2
1499,336,1
2089,370,5
2354,220,5
1410,69,2
696,175,4
2180,330,1
1986,95,3
1644,220,3
46,214,3
1480,92,5
593,316,1
4,240,5
1713,220,5
2325,330,5
215,136,5
225,264,5
1904,316,4
103,143,5
1467,72,3
1711,90,5
2455,267,1
2579,330,5
1890,220,3
23,319,3
532,331,5
696,143,4
295,220,3
443,267,2
410,316,3
519,267,3
2491,220,2
144,319,2
1151,176,4
1658,119,3
2066,267,3
1106,220,5
2468,220,3
1534,190,4
1845,267,3
1340,197,1
205,136,4
474,316,3
1005,316,1
1581,282,1
529,141,5
2201,267,5
1635,198,1
2225,267,1
403,316,2
1740,267,2
28,346,3
755,244,3
2286,247,3
2226,267,3
1832,244,1
1157,228,5
829,316,2
1981,158,3
1834,74,4
392,319,2
1342,316,2
1702,220,4
1420,404,4
1106,331,4
28,214,3
2308,260,5
1523,298,4
2355,42,1
1228,319,5
1882,316,3
4,395,5
1141,316,2
1041,316,2
749,404,3
376,404,4
230,214,4
1162,267,2
2039,151,2
103,4,5
595,220,2
402,342,4
446,263,3
1583,267,3
201,342,4
1070,192,4
743,316,2
86,7,1
576,216,5
1514,220,4
2192,141,5
2098,72,5
517,220,1
1824,260,4
2403,267,5
1523,305,4
1150,390,4
1847,316,3
1523,85,4
1612,176,4
1016,72,5
1724,267,3
1692,413,4
514,316,1
1523,263,3
2520,267,2
582,295,3
332,316,3
1497,318,5
1954,87,2
1540,340,1
1945,176,4
206,316,4
130,316,2
1741,76,3
1640,80,3
2119,198,3
1671,330,2
940,176,3
739,198,5
1534,371,5
1159,72,2
137,220,4
225,220,4
1723,267,5
2577,330,5
699,31,1
2426,267,2
726,87,3
204,316,4
643,72,3
778,316,2
1534,379,4
1468,336,2
1310,220,5
1692,239,3
599,316,3
1036,316,3
46,267,5
2357,404,2
1167,7,1
2428,220,4
12,220,2
656,335,4
1655,408,2
1664,316,5
1703,341,4
2152,316,3
1499,331,1
1154,267,2
1692,3,1
340,330,2
1668,31,4
1534,152,3
1348,44,3
2008,267,3
73,316,1
26,404,5
1711,267,5
1410,331,3
1519,346,3
1628,319,5
739,342,5
1381,220,3
733,87,4
2364,267,4
1023,317,5
1513,316,1
1739,267,4
1497,143,2
1085,267,2
1344,220,1
1198,31,2
223,404,4
1192,319,4
2581,331,1
726,393,3
412,316,4
259,267,3
576,15,3
1535,204,5
347,188,2
947,72,2
1887,316,1
992,278,3
847,341,4
1692,36,2
545,220,3
2335,220,1
181,173,2
1949,72,4
2435,204,5
1681,3,2
1119,260,4
1329,359,2
2066,242,2
70,3,2
576,131,3
1159,316,2
201,198,3
1906,220,4
446,267,3
1497,404,3
1606,176,2
2486,267,1
1533,198,4
1658,72,2
1022,220,2
1184,316,3
368,316,2
2004,7,2
191,31,1
1635,286,1
1523,101,2
1546,72,1
1036,267,3
1022,316,2
883,316,1
2105,267,2
1458,143,5
847,336,4
1119,72,3
358,319,4
2255,330,4
1467,395,5
2357,220,2
2535,404,1
343,319,4
1534,206,4
205,220,3
89,31,3
31,220,4
1106,207,4
2010,220,3
2442,220,4
70,337,3
1056,44,1
103,291,5
14,173,3
424,331,2
1517,220,2
1523,283,2
366,316,2
1729,319,3
417,316,2
1448,308,3
103,317,5
1534,130,3
1467,255,2
2456,267,3
2104,330,5
1546,19,2
1523,147,2
1551,72,3
2458,260,4
421,31,2
2395,267,2
541,316,4
1602,220,2
1121,220,3
727,404,5
2065,278,1
1519,370,3
2446,404,2
217,316,1
1725,319,5
1679,187,5
2006,341,2
891,381,3
1584,115,5
2309,331,1
425,316,1
2437,220,4
4,316,5
1584,267,5
212,404,3
1437,278,3
2081,220,2
2070,152,2
1557,141,5
1692,262,2
1507,4,5
1209,267,5
2468,404,3
1534,251,4
313,331,4
1497,291,3
633,269,1
1628,13,4
1517,413,2
1546,7,2
696,413,5
735,342,2
1534,222,3
1692,80,3
696,233,4
1700,267,4
2132,404,5
1715,72,2
576,340,2
1558,158,5
2460,72,5
1937,319,1
260,267,3
2518,404,2
2432,330,3
833,267,1
2343,204,1
755,370,4
2408,324,1
2199,243,2
1495,317,2
8,90,3
1159,331,3
2296,267,2
755,331,3
70,122,3
1106,319,5
503,316,1
1232,267,4
1983,316,2
2316,316,1
1036,220,3
1063,316,4
301,316,2
2017,316,4
2323,404,2
1556,2,4
2337,316,4
695,278,2
1519,267,3
1133,267,4
391,267,3
58,4,5
2104,76,5
88,316,1
1299,267,4
2261,316,1
1182,267,3
147,220,3
2032,316,5
1007,316,2
656,316,4
514,267,2
2111,87,3
103,225,5
1460,403,2
63,31,1
1161,268,3
1222,220,3
1277,220,1
939,114,5
1547,148,4
314,3,2
2268,72,4
1832,397,2
2347,267,2
742,220,1
768,319,3
1986,346,4
211,220,2
2421,404,2
1583,407,4
2503,267,3
1770,267,4
582,335,3
1258,317,5
1535,175,3
1288,331,5
1689,331,3
1538,66,1
1640,198,2
447,316,1
1263,220,4
755,16,5
14,346,3
962,72,3
2558,267,1
28,3,4
70,241,3
2195,3,2
1672,316,2
489,44,2
2335,267,1
2484,278,3
1705,319,4
1636,220,1
1470,285,4
66,175,3
1724,69,3
1166,44,3
726,47,2
1577,3,5
482,3,1
406,316,1
1288,267,5
884,316,3
2352,72,3
1139,267,1
1484,379,4
1410,220,3
1484,246,4
2540,220,4
2412,220,3
1204,346,3
690,316,3
1961,198,3
1517,175,1
2315,220,1
1089,316,1
610,267,2
21,268,3
376,241,4
1725,220,5
2206,220,5
1307,336,3
1510,267,1
1262,72,2
713,3,3
46,380,4
1668,319,4
1484,335,5
1469,316,3
1855,267,4
646,267,2
712,179,2
837,331,2
537,204,4
565,404,2
138,175,1
2496,267,4
569,0,3
2089,42,5
152,31,2
532,0,5
1502,72,4
12,267,2
1220,220,5
1692,342,4
357,404,1
21,393,3
1359,267,1
1577,250,5
1071,274,3
955,316,3
1239,316,2
636,198,5
962,353,3
463,316,1
1124,72,4
1534,335,4
528,331,3
103,214,5
218,316,3
70,408,3
876,316,4
827,31,3
263,110,2
498,3,1
1296,319,3
1204,16,2
1667,267,2
2552,267,2
1179,316,1
2431,220,5
2457,404,1
1519,336,3
832,76,5
2094,131,5
602,42,3
734,291,1
712,275,2
390,158,3
87,220,2
242,316,3
1087,267,2
2305,267,5
1395,316,1
281,415,2
1159,317,2
2358,220,4
2271,31,3
57,268,4
1219,319,3
2153,316,2
1329,188,1
271,204,1
26,268,5
1494,268,1
1119,76,3
1294,220,2
26,316,5
1523,335,2
1625,42,2
284,267,3
2103,176,3
2433,220,3
2414,316,1
583,69,1
532,377,5
2027,220,2
1034,201,1
184,316,2
1583,87,3
1106,136,4
1087,220,2
152,227,5
1061,0,1
1493,395,1
210,220,2
276,316,2
1603,176,2
2007,267,2
1578,220,5
2555,267,1
756,330,1
245,331,2
208,404,4
892,316,4
2520,220,2
2408,267,1
1644,1,2
2481,267,4
4,69,5
2202,267,4
1664,267,5
2354,72,5
152,246,5
1020,220,4
1869,319,4
407,31,2
1659,308,1
1626,316,2
636,316,4
2447,44,1
1173,220,2
1314,316,4
1679,255,5
2387,404,5
1158,3,1
70,404,3
1464,267,2
271,335,1
1798,204,3
1557,316,5
1917,281,3
1700,330,3
271,29,1
2487,220,1
1066,331,1
718,319,5
1783,198,4
859,220,5
1497,191,4
2098,220,5
2071,267,3
175,316,1
2350,267,2
7,330,4
1296,136,3
2253,267,3
2332,72,2
2145,267,2
2471,267,3
1710,316,1
104,260,5
712,317,2
2315,316,4
504,330,2
170,220,1
2065,220,4
1119,268,4
1491,206,2
21,329,3
12,198,2
215,342,5
46,215,4
66,151,4
69,3,2
57,143,2
2454,220,1
29,268,4
532,80,5
209,250,2
1722,204,3
263,331,2
282,330,2
987,267,2
1458,304,5
1535,404,3
393,331,3
118,396,2
58,3,5
1703,268,4
826,316,3
1003,316,2
459,3,3
2066,31,3
21,87,3
492,7,1
347,316,3
1922,220,1
70,317,3
964,404,4
1083,316,1
146,342,1
598,220,2
1439,267,2
569,331,2
563,316,4
213,220,3
2104,358,5
2000,319,1
1143,319,4
656,331,4
115,220,1
446,137,2
695,342,4
1494,395,1
63,267,2
347,330,3
118,220,2
1102,214,5
29,342,3
41,204,1
1159,359,2
34,316,1
2379,267,4
1824,267,3
549,267,3
1279,316,1
782,220,5
1115,316,5
1502,346,2
1644,291,3
1200,319,2
1697,220,2
287,331,2
57,267,3
1664,72,5
1210,316,2
1080,220,4
1668,141,5
1546,212,2
1597,76,3
268,316,3
808,316,3
2210,267,5
2338,72,4
2183,316,3
2383,220,5
446,330,2
940,263,4
2085,267,4
1581,9,3
582,292,2
2238,198,4
1542,212,2
2108,267,3
2565,316,2
1470,335,4
1158,223,2
1470,66,3
666,267,2
2183,220,4
1579,220,4
2110,267,3
948,267,3
1502,220,3
1750,31,2
128,220,4
2391,220,4
1551,202,2
1719,31,2
152,225,5
1159,69,1
66,143,3
1460,152,3
1527,3,1
726,72,3
46,131,4
2472,330,1
1534,346,4
1625,72,2
1162,319,4
1896,331,3
960,316,2
225,90,5
612,220,2
46,393,5
253,316,2
2347,246,4
572,316,3
755,200,4
1228,220,5
2098,379,5
5,220,1
583,346,1
1507,319,4
1384,316,2
1241,331,3
1571,0,2
2447,267,1
1646,235,2
1484,214,4
509,7,2
1497,198,3
1495,383,3
418,44,1
755,157,3
990,331,3
1475,225,3
601,220,1
2467,220,5
1476,286,2
74,260,1
1467,137,2
1698,176,4
1288,319,4
797,220,4
235,395,4
2406,220,2
2413,404,2
1523,359,3
1288,346,4
139,225,4
712,138,3
969,278,1
728,404,3
1456,44,2
1830,141,5
2194,340,3
545,404,5
1470,278,3
1971,220,1
705,31,1
858,316,1
4,31,5
1697,267,3
1198,3,1
2136,267,2
739,246,5
156,220,1
1243,316,3
271,260,1
1268,101,1
568,316,1
28,99,4
2494,404,1
930,316,2
1460,346,3
295,316,4
755,340,3
4,267,5
731,319,3
1997,275,1
60,346,3
622,316,2
1644,319,3
1908,220,2
1055,328,4
734,220,1
70,278,3
277,330,2
48,316,3
712,101,3
1497,68,4
1100,220,2
2200,319,2
1534,139,4
1675,319,2
2047,220,1
625,176,2
266,72,2
2564,316,3
28,342,4
2572,176,2
623,390,1
1986,319,3
2039,158,2
2234,404,3
1102,342,5
2112,188,2
66,121,3
1534,141,5
1213,220,2
107,220,5
643,136,4
1998,220,3
2376,319,2
1025,267,1
1502,331,2
2419,404,4
215,214,5
1495,3,3
1534,3,3
1622,267,3
1247,316,3
1027,316,1
103,246,5
205,267,3
2108,273,4
1213,316,2
2467,239,5
1561,3,4
1581,198,3
1584,268,5
1200,69,1
532,72,5
98,316,1
947,99,2
1949,204,3
89,220,4
1677,87,2
1269,316,2
809,316,3
576,342,4
1158,72,2
1146,316,1
440,3,1
1535,322,4
1899,220,2
576,80,3
1711,136,5
1514,319,3
66,148,3
782,278,5
78,3,1
2130,316,3
582,331,3
583,220,2
1546,66,2
46,0,5
1523,131,2
583,359,5
576,261,3
2064,267,5
1985,220,4
1307,14,4
2394,404,1
1692,11,2
733,346,4
225,138,4
1692,132,4
1551,13,2
1577,136,5
2385,267,3
1516,316,2
1886,319,2
2180,331,1
215,188,4
591,316,2
598,267,2
999,204,2
2346,319,1
788,220,5
1002,244,3
85,220,1
1675,220,3
1549,316,1
2062,204,2
1071,218,4
1535,3,5
2231,331,5
1680,87,2
439,346,3
9,72,4
947,267,2
2211,136,2
1199,407,2
356,316,1
1458,335,5
1467,403,3
351,319,3
440,319,1
827,267,3
739,253,5
1843,3,2
978,404,5
1470,3,3
1644,74,2
1871,330,2
2564,267,3
164,316,1
2249,330,5
1534,154,5
582,143,2
384,220,3
1644,235,4
1534,60,5
1159,200,2
1523,36,4
2412,324,3
643,319,4
1822,220,1
2524,316,4
1436,316,1
2054,404,5
752,267,2
2262,267,5
2194,319,3
1650,31,2
726,3,5
225,3,4
1029,69,2
1426,267,1
1674,393,2
1288,204,4
1692,59,4
1503,3,2
586,31,2
1272,220,2
1644,204,4
272,220,4
2434,204,5
2198,220,3
296,316,3
1910,267,5
1334,31,5
139,413,5
616,330,2
70,96,3
1949,267,3
638,220,3
2063,316,2
29,319,4
1640,76,3
859,268,5
1729,278,2
1641,359,2
2069,267,1
2039,220,3
1320,31,3
58,342,5
1340,273,1
1390,330,2
1871,319,2
1226,3,2
2212,346,3
788,319,5
100,404,2
383,316,2
1480,147,3
799,316,2
1452,316,3
240,220,3
201,31,4
1020,319,3
1994,316,4
1523,207,2
2462,404,1
2440,220,3
404,220,1
1158,319,1
1312,316,4
21,244,3
1563,31,2
323,220,2
1396,278,3
0,346,2
1473,110,2
2084,130,4
2010,404,2
2191,316,2
1326,316,3
110,267,3
104,225,4
1627,267,2
1078,3,2
1195,316,3
2229,319,2
2217,158,4
2196,316,3
746,34,4
1337,278,3
46,3,4
1981,197,3
2029,72,4
1717,72,1
947,244,2
2405,267,3
1311,187,1
1468,260,1
1685,267,2
521,7,1
230,395,3
4,319,5
1334,319,5
310,316,2
1502,404,2
1088,316,1
329,316,3
191,331,1
2396,101,5
61,404,1
2526,393,5
549,316,3
2143,404,4
1646,291,3
352,316,1
1728,122,1
2204,267,3
726,324,3
622,138,3
1923,267,5
14,330,2
1534,359,4
531,31,1
2242,331,3
739,220,5
559,316,2
1951,267,3
819,141,4
739,395,5
847,143,3
532,143,5
1258,220,5
2278,220,3
1863,267,2
1315,316,4
103,31,5
1281,220,1
1192,404,4
1877,220,5
891,267,5
1117,310,1
1729,341,3
2409,267,5
57,278,2
2184,268,3
1502,255,4
70,367,5
2234,220,3
2323,267,2
1458,222,4
1905,220,3
1199,115,2
2073,267,1
973,316,3
828,331,1
1085,212,2
0,319,2
2350,404,2
333,316,2
1443,267,5
919,330,3
1963,278,5
1658,3,3
1329,382,2
2272,72,1
1668,87,5
103,47,5
152,87,4
2094,278,5
46,370,3
1718,69,4
4,336,5
225,284,4
28,187,3
1467,316,5
156,404,1
1288,413,5
1541,214,2
2045,220,5
199,316,3
532,393,5
1877,393,5
1684,176,4
152,342,5
1596,43,4
1757,319,2
1646,395,5
46,348,4
1480,388,5
225,131,4
2256,267,5
1484,175,4
511,316,1
825,330,3
459,267,3
891,31,3
1019,220,3
712,72,3
726,413,5
28,72,4
583,267,2
2258,220,3
1258,3,4
195,220,3
1256,267,3
2497,404,4
947,407,2
1893,267,3
2092,331,5
1959,393,4
1176,92,1
1935,316,5
2146,220,3
1644,227,2
446,381,2
1584,214,5
1102,72,5
642,136,4
1467,66,2
308,319,3
695,62,5
2379,263,4
2355,404,1
341,267,3
1177,404,3
1868,176,4
627,346,1
1975,136,1
2066,200,2
432,260,1
1948,404,3
1198,316,1
322,316,2
1956,220,4
2494,267,1
1481,220,1
1102,99,5
1373,316,1
139,346,5
1581,286,3
598,316,1
1551,308,3
1567,175,4
743,395,2
123,220,1
316,3,1
2538,220,4
750,319,3
1187,316,3
891,331,3
2127,316,3
705,316,1
2094,267,5
1004,330,5
2436,220,5
1634,331,3
2569,220,3
272,268,4
1480,316,4
2517,316,2
569,204,2
1459,267,1
2539,151,3
1315,267,4
1927,250,4
207,407,3
1943,316,2
2415,267,1
1182,141,3
446,316,2
1871,139,2
636,395,4
2057,319,4
2014,267,2
1546,413,2
46,159,3
104,330,3
1534,41,5
2104,260,4
251,267,3
1519,319,4
532,316,5
2346,404,1
1124,316,4
426,331,1
421,316,3
874,316,2
1473,393,4
2098,3,5
1626,260,2
1266,316,2
1679,279,5
1523,412,4
424,220,2
1562,319,1
405,267,2
576,404,5
1665,346,2
152,175,5
28,131,4
376,214,4
104,395,5
743,268,3
2089,45,5
537,330,1
2371,278,5
1853,255,4
1778,316,2
1018,331,5
1470,87,5
397,7,1
273,316,2
2066,260,3
726,167,3
1625,267,2
258,404,3
1684,87,3
1880,267,3
68,330,1
496,404,1
966,204,1
2336,267,5
1605,267,4
1799,319,4
2279,404,5
2118,198,2
2168,176,5
70,346,3
2096,31,1
2030,316,5
2093,220,1
1692,99,2
14,404,2
1220,143,5
1404,267,3
990,69,2
1624,267,1
1715,346,3
705,220,1
2408,404,1
1679,360,5
2417,267,3
1868,220,5
1692,72,3
2217,273,3
1102,136,5
1131,331,1
1484,42,4
1087,72,1
2099,316,5
1960,404,4
1528,3,1
1949,404,3
426,267,1
1502,216,3
2537,267,1
1770,220,4
195,267,3
1679,331,5
2104,415,5
2094,380,4
1160,404,1
103,175,5
1685,395,2
2223,319,3
1479,330,2
1030,267,5
1783,341,4
2426,198,2
1250,384,3
1257,176,5
604,267,2
4,382,4
1495,290,2
934,330,3
1090,220,3
636,273,5
409,330,2
1893,220,2
1502,228,3
1534,214,4
1307,72,4
17,316,1
1802,359,2
446,260,2
1015,316,2
1075,3,1
1080,395,4
421,319,3
801,220,4
2170,176,1
1220,316,4
1003,220,2
1103,220,3
152,47,5
1897,267,2
734,191,5
2525,220,3
739,152,5
104,393,5
1372,137,3
2519,404,2
1991,267,2
2104,317,4
390,316,2
1598,319,4
90,316,2
1644,195,4
749,198,3
1143,250,4
1534,119,3
1495,386,1
483,331,3
2042,176,1
105,407,5
2089,319,5
2312,267,2
1074,3,1
1437,316,2
1842,316,1
351,267,3
755,42,2
1557,393,5
2094,324,4
1266,220,2
1877,316,5
1389,316,1
103,116,5
1792,72,3
1499,346,1
1577,415,5
1497,395,4
695,220,4
1142,260,2
653,316,2
740,316,2
633,346,1
1602,267,2
121,316,3
1307,327,4
713,220,4
1316,141,2
528,143,3
2328,267,1
70,335,3
2322,267,4
225,140,5
230,347,3
2335,404,1
2148,72,3
2039,78,1
1810,239,3
1546,138,2
42,331,4
1159,324,2
1463,316,2
1486,267,3
2057,404,4
1507,37,3
2490,72,5
215,395,5
2436,267,4
1245,267,3
777,260,3
1554,413,5
636,143,4
1534,245,3
642,87,5
76,267,3
576,341,4
2337,204,4
21,319,3
1641,122,2
185,204,1
2038,267,2
2249,73,5
1575,175,2
2561,404,3
810,319,1
1707,331,5
1534,101,4
2075,303,3
1484,263,4
1750,214,3
1724,359,3
207,248,2
2106,404,3
1949,375,4
2437,404,4
1836,316,3
230,393,3
376,294,5
1622,330,3
1789,316,1
2540,72,3
1783,330,4
1494,267,1
1159,134,2
1036,331,1
66,220,4
1516,3,2
274,267,3
1891,267,4
58,99,5
1444,331,3
891,143,2
1596,176,3
1724,220,3
2422,220,1
1289,220,4
225,404,4
1270,267,2
641,267,2
1943,131,3
1427,316,2
54,319,3
704,319,3
536,316,2
1692,267,2
2414,267,2
1111,316,4
46,244,5
66,408,4
2230,123,5
1810,143,3
1534,223,3
225,331,4
32,331,1
1692,115,2
732,220,3
1507,270,3
1211,220,1
1561,316,3
4,363,5
962,16,2
2416,220,4
1074,316,1
659,267,2
446,31,2
2078,259,1
11,267,2
869,346,3
2040,267,3
1429,273,3
1640,359,1
749,87,3
2239,316,2
2540,267,4
1876,220,4
341,404,2
1954,220,5
1557,31,5
695,3,4
1523,210,2
1391,267,5
2178,158,3
146,267,1
2045,267,5
1523,381,4
1719,333,5
2233,31,3
1948,44,3
482,346,3
953,220,1
2060,220,3
1192,267,4
1711,281,3
2571,267,1
1535,220,5
1640,3,1
2311,153,5
26,357,5
1106,316,4
329,267,4
2474,267,1
1484,395,5
1091,138,3
713,331,4
159,3,1
46,42,3
1495,16,1
1659,340,1
13,267,3
1402,188,1
1553,316,4
1023,267,5
46,268,5
453,316,2
4,260,5
1665,307,1
1702,87,3
1906,319,4
1480,10,4
545,342,2
1534,143,3
1543,316,1
534,87,4
1534,241,4
853,267,2
2371,42,2
750,330,3
393,404,3
1443,220,5
1605,319,3
1670,138,2
1173,69,1
264,316,3
2381,267,4
70,342,3
1119,316,3
295,138,3
1534,380,1
1723,220,5
2098,241,5
1959,267,4
1250,267,4
2562,404,1
747,220,4
1996,31,1
2459,220,3
1519,278,3
1545,379,2
2376,404,1
1769,331,2
46,346,4
1535,45,3
1467,346,4
159,267,1
2094,42,4
2039,278,2
626,316,1
1584,316,4
1885,316,1
1642,122,2
2138,31,4
1437,331,2
1159,31,2
2338,404,4
2559,267,1
1042,331,2
568,267,1
1664,90,5
861,316,3
1894,267,2
2333,267,3
718,220,4
46,47,5
2214,319,3
1051,220,5
1787,267,4
2217,198,3
2039,201,1
2094,341,5
755,267,3
663,220,1
1567,80,4
699,342,1
2238,267,3
1519,220,3
1546,130,2
857,204,3
2277,267,1
114,220,2
1455,410,5
838,175,2
1654,404,3
2355,267,1
259,316,2
134,353,1
2120,198,2
2486,44,1
1581,21,3
739,267,5
1497,187,2
1541,395,1
271,143,1
2344,267,1
1840,316,5
2467,267,5
1904,173,4
1196,316,2
1108,220,1
1949,346,4
26,319,5
2035,267,1
704,267,4
1264,220,5
58,175,5
856,346,3
320,316,3
711,187,2
2514,267,5
636,138,3
1323,220,5
1546,20,2
1559,263,1
1122,353,4
2194,308,3
1506,316,1
42,267,5
842,316,1
1454,267,4
1149,330,4
545,316,2
583,395,1
2339,175,3
826,404,3
207,238,3
66,263,2
1325,316,4
1497,246,3
247,389,2
532,292,5
1054,31,4
1497,142,2
1470,336,3
1630,316,2
1989,176,5
2465,267,4
2364,220,4
1932,204,1
2174,220,4
174,404,1
2304,246,3
1238,341,4
1521,319,5
1553,404,3
665,316,1
2411,267,2
656,267,4
442,404,2
1125,404,2
1106,244,5
772,316,3
1048,316,2
1475,214,2
243,220,3
201,187,5
287,357,3
104,267,5
179,267,3
427,220,1
1265,220,3
962,404,3
2270,330,3
2000,316,1
1470,225,5
1375,175,1
1711,333,5
484,316,2
1523,330,3
2141,316,4
309,316,4
1307,413,4
2129,267,1
201,316,5
1534,286,3
85,3,1
1474,175,1
1470,110,4
225,31,4
1244,316,1
2372,204,1
1226,136,1
2402,316,3
1696,220,1
1143,316,4
1547,319,5
756,31,1
1079,316,1
58,225,5
685,316,1
1,316,1
1064,316,2
1949,319,3
1242,330,2
287,31,2
1288,146,2
2239,319,2
1182,87,2
376,316,4
2344,157,3
1693,3,1
2039,197,2
139,244,5
1517,31,2
1640,234,4
1186,267,4
1408,220,1
2302,267,2
1386,316,3
21,331,3
1052,316,3
1316,346,3
1954,316,5
1421,316,1
1204,270,2
1176,31,1
1036,197,2
271,278,1
1340,158,1
1626,267,2
1276,302,2
1590,316,3
1785,220,1
1717,381,4
1163,267,2
712,355,3
1484,122,5
2292,187,4
1615,341,3
1914,267,1
680,316,1
683,316,1
2512,267,1
49,31,2
2371,330,5
1480,267,5
1644,371,4
1900,176,3
2200,316,3
2165,176,5
1949,246,4
14,129,3
1638,316,4
987,176,2
532,90,5
1481,3,1
576,34,4
245,316,3
2281,330,5
1159,330,2
1640,24,1
1641,206,2
2574,316,4
925,316,3
1647,220,1
651,319,3
341,44,2
1539,220,1
4,80,5
193,319,5
2199,73,2
1217,267,5
2331,267,1
446,3,2
2503,220,2
74,316,2
962,316,3
726,99,3
4,359,5
844,72,4
791,316,2
674,319,2
42,198,5
2427,220,4
1131,220,1
1518,141,3
1497,273,4
1470,413,4
739,13,5
1596,331,3
733,319,4
1307,330,4
2148,69,3
1288,317,4
2443,404,5
2028,220,3
1234,220,5
576,116,3
2244,331,3
57,292,3
1548,331,4
1653,316,2
1584,393,5
46,278,4
739,331,5
1494,316,1
1516,220,2
105,267,5
178,404,3
944,319,1
1307,220,4
2319,317,2
891,72,3
927,404,1
142,316,5
1039,319,3
1070,138,2
1654,220,3
2401,404,1
2100,330,4
258,267,3
0,188,2
765,316,2
235,330,4
1546,331,2
1137,316,2
1160,220,2
1584,342,5
1534,291,4
4,106,1
1420,331,4
169,267,1
1129,267,2
1642,3,2
1152,319,3
421,267,4
2000,267,2
1215,141,4
1470,140,5
576,395,5
482,192,1
271,317,1
532,333,5
552,316,2
872,331,5
1204,3,2
106,341,5
1438,316,1
562,267,3
2315,302,1
98,267,1
743,342,2
2098,60,5
739,244,5
91,220,1
225,87,5
2259,204,4
1568,192,2
1157,245,4
1294,267,5
1602,152,2
46,404,4
2535,267,1
1929,341,4
622,267,3
133,31,1
697,3,1
787,267,5
139,250,5
882,316,1
792,3,1
1288,165,5
181,316,3
1611,260,4
1781,220,3
1909,176,3
1161,220,2
1644,137,2
1327,220,2
1663,330,2
1660,316,2
1307,316,5
733,267,4
1713,267,5
1307,346,3
834,330,3
1497,72,3
1460,44,2
1715,110,2
2344,319,1
2239,404,3
753,316,1
194,3,2
1599,319,1
1556,316,4
1094,291,1
863,316,2
532,76,5
755,316,3
1863,220,2
726,317,3
47,138,4
1981,198,3
2384,267,2
733,220,4
432,267,1
1642,21,2
431,204,3
532,267,5
724,316,4
1667,3,1
1875,220,5
2207,267,1
205,404,4
456,316,1
1499,3,1
2012,316,5
528,31,2
1534,38,4
1407,267,3
947,319,2
66,3,3
2342,330,5
2427,267,4
1180,316,3
2433,316,3
1326,220,3
1157,404,5
311,330,1
1428,267,4
980,319,2
2234,316,3
1866,0,2
767,316,2
823,267,1
1546,95,2
103,260,5
671,316,3
2039,27,2
346,31,2
289,316,2
1494,220,1
1367,213,3
1192,331,5
1987,317,5
727,214,4
440,260,2
2098,209,5
2051,220,3
2392,404,2
1288,83,4
1470,256,5
1857,1,3
1158,331,2
60,316,2
376,122,4
978,45,3
1369,316,2
1458,13,4
14,336,3
2249,278,5
442,31,3
1396,267,4
2514,72,5
1348,316,4
819,267,4
2193,267,3
1375,86,1
1928,316,3
1587,3,1
446,358,2
507,316,4
1119,187,3
1534,330,4
74,0,1
1087,316,2
1507,267,5
108,204,4
1176,303,1
2371,317,5
718,316,5
1470,319,3
1249,267,3
986,316,2
262,220,2
1153,220,2
1673,220,3
375,316,2
1800,81,5
1563,316,3
1717,404,2
1750,331,3
1006,316,2
8,72,3
230,72,3
713,246,5
783,3,1
1648,192,2
1192,31,3
373,44,1
2543,330,3
306,267,2
1095,319,4
1927,316,4
1564,316,4
146,141,1
499,316,2
1174,404,2
1159,319,2
291,299,3
1517,317,1
1535,72,5
657,316,1
733,268,5
1197,316,2
2066,152,3
104,141,5
379,316,2
647,319,2
787,31,5
2166,176,4
2055,316,3
1534,140,5
1352,316,3
244,317,3
1159,413,3
87,330,1
1166,220,3
1717,319,2
935,220,3
458,316,1
2370,267,3
1480,198,5
2111,316,4
1102,31,5
1571,220,1
66,246,3
1621,404,4
1703,77,4
1523,327,5
1895,330,3
590,316,3
910,316,1
2391,72,4
940,335,3
1071,316,2
1266,319,2
1737,220,3
1360,316,2
1494,120,1
1288,335,4
2197,220,4
201,99,4
2304,404,3
14,220,3
1145,3,1
1484,260,4
2104,267,5
1964,198,2
879,220,1
2116,316,2
1080,268,3
1534,338,4
926,316,1
1998,404,3
405,3,2
2236,316,3
21,220,3
139,31,4
811,204,2
2160,176,3
695,335,4
1254,92,2
2546,267,2
139,198,5
2495,245,5
2347,220,4
2059,3,4
1496,330,2
823,316,1
408,316,1
1106,287,5
1534,408,3
532,16,5
271,267,1
2554,267,2
1862,176,3
1563,319,2
1461,404,2
168,316,2
729,330,2
1959,198,3
847,395,4
701,7,2
682,267,1
2373,404,1
2133,204,3
1867,316,1
807,316,1
165,316,4
9,90,3
733,342,3
1539,319,1
2211,7,1
1546,42,1
2462,220,1
2387,220,5
1534,395,5
2312,404,1
440,415,1
1507,177,5
2041,316,3
2216,267,5
341,220,3
1470,72,4
2006,331,1
342,316,2
726,116,3
1623,267,3
26,7,5
1227,316,3
291,146,3
1853,342,4
1119,380,3
2178,198,3
1993,331,4
1502,167,2
2148,220,4
1886,404,3
2288,267,4
2272,220,4
1267,220,2
201,214,5
328,267,3
528,382,3
1923,220,5
296,404,3
2277,220,1
1347,220,3
495,331,1
532,376,5
1480,190,4
2491,267,2
384,267,3
2094,404,5
1140,214,4
245,220,3
750,404,4
2390,220,1
104,346,5
2571,404,1
1810,278,4
46,358,5
2541,267,5
2140,197,3
46,220,5
1413,188,2
1159,220,2
1497,328,2
704,220,3
1122,220,4
216,316,3
1934,316,4
421,220,4
1192,413,5
210,267,2
230,233,4
179,316,4
743,141,2
57,381,3
4,343,5
1543,220,1
1806,316,1
991,220,2
1830,279,5
525,316,1
532,319,5
2089,246,5
1142,317,1
2353,220,3
554,267,2
1746,31,3
1711,198,5
2059,260,4
1361,268,1
2046,324,2
921,31,2
1600,220,3
726,268,3
969,69,1
1032,316,1
1147,316,3
2138,220,5
1084,72,1
469,316,1
1669,220,3
1288,72,4
795,316,1
2104,151,2
1728,220,2
46,331,5
153,316,1
696,246,5
1450,220,2
1178,267,3
1650,72,2
389,331,3
320,267,3
4,3,5
140,72,5
1144,316,3
1620,341,3
1990,220,3
104,404,5
1543,3,1
1764,319,1
1346,316,3
1547,258,4
2478,267,5
139,47,5
1340,198,1
271,76,1
2392,267,1
215,267,5
2066,346,3
1975,319,1
2104,278,5
1675,176,3
2401,255,1
1719,392,4
1891,69,3
8,404,3
14,16,3
32,260,1
1502,361,4
698,3,1
46,395,5
1499,220,1
1924,335,3
261,267,2
2291,98,3
11,220,2
1497,331,3
682,143,1
1215,220,4
2177,395,1
2285,267,2
2104,118,5
14,87,3
70,42,2
482,316,2
4,175,5
1106,198,4
1802,331,2
2235,393,4
1119,408,4
1002,220,3
1071,254,3
2310,330,2
2498,220,2
2365,267,2
2018,267,1
2006,175,2
1521,316,5
1679,99,5
1926,267,2
1535,331,5
2105,220,1
1646,381,4
1795,404,2
1670,0,2
1644,395,5
139,42,3
2505,72,2
1365,316,2
649,267,2
1535,316,5
1959,220,3
804,404,4
1031,267,5
1557,272,5
2358,14,5
2011,316,5
571,316,1
1802,220,2
1534,235,3
14,378,3
1192,346,5
1523,234,4
58,291,5
731,220,3
70,72,3
8,99,2
1655,317,3
1159,244,2
58,246,5
2238,319,3
755,76,3
1718,267,4
1288,355,5
1594,404,1
1869,267,5
1523,130,3
207,198,2
2209,330,4
1554,246,5
167,316,2
2190,141,3
1473,335,2
1479,267,4
2230,316,5
1942,267,1
57,263,2
70,154,3
761,316,2
2449,267,1
1584,136,5
1036,151,4
229,316,3
1444,267,4
58,198,5
827,407,3
118,404,2
1824,316,3
2278,267,3
310,198,2
2378,220,1
46,330,4
1428,268,4
526,267,4
1626,220,2
1039,267,3
576,321,4
1577,97,5
1099,400,4
679,316,1
474,260,1
1098,330,2
1620,16,1
900,316,1
2382,267,4
2439,220,5
1530,291,4
1737,316,2
2386,220,1
1350,316,3
2089,330,5
349,220,2
1546,220,1
42,0,4
394,316,1
544,316,2
813,316,2
782,267,4
712,316,2
393,137,3
115,267,1
1717,348,2
1959,316,3
771,404,1
2480,220,3
145,316,1
1094,408,2
1484,113,3
1122,278,2
1581,273,3
726,227,2
230,220,3
1176,3,1
2098,404,5
1534,158,4
1552,267,5
1534,87,5
1002,187,3
2424,267,1
456,44,2
1091,330,3
2382,220,4
576,139,3
1396,141,4
978,220,5
1535,16,5
2054,267,5
1991,69,2
566,330,3
1534,331,3
2388,220,3
215,3,5
1644,286,2
1230,316,4
47,204,4
2449,220,1
70,381,3
1591,267,4
859,72,5
639,220,3
1996,316,1
633,244,1
486,330,3
1491,267,2
2147,220,1
582,204,3
103,138,5
1888,303,3
1741,102,5
1971,267,1
1275,316,3
1741,380,4
179,330,3
62,267,5
1709,346,5
1166,319,3
1674,220,4
223,31,5
749,267,3
2065,404,4
1467,220,2
1821,254,3
1746,330,3
713,341,5
1846,404,3
1356,316,3
1393,316,2
726,225,2
703,404,2
1802,69,1
1106,115,5
2016,267,3
1669,401,3
969,220,2
2546,220,5
1688,220,2
1803,319,2
1470,304,4
810,239,1
1329,72,2
1523,143,1
1002,267,3
2190,404,4
1534,195,5
2574,72,4
14,341,3
1484,66,4
2271,316,4
1644,239,2
1610,267,4
520,44,1
844,319,3
961,316,3
1106,90,5
1871,267,3
21,267,4
1717,316,1
2300,267,2
2401,73,1
1473,410,5
2482,267,2
1997,31,1
1644,349,2
1164,267,3
446,188,1
1122,3,2
1375,316,1
70,348,2
917,267,4
23,267,3
999,138,2
712,246,3
1646,220,2
1122,31,4
1379,330,5
1460,267,2
731,87,4
1533,220,1
1012,137,3
70,256,3
1963,340,4
2505,220,2
98,220,1
51,319,1
835,316,2
384,14,2
582,141,3
1920,316,3
183,220,5
42,31,5
642,404,3
899,316,4
1679,72,5
1755,316,2
1456,278,3
58,244,5
755,263,3
2098,87,5
2506,3,1
152,80,5
515,267,3
1494,3,1
25,330,2
541,31,1
1114,316,1
707,316,1
1565,131,1
222,137,3
1525,267,1
755,377,3
679,267,1
84,316,1
1534,131,4
967,404,4
1493,346,2
1343,316,2
1640,222,2
2139,331,4
545,333,4
1490,267,1
2148,106,3
1644,0,2
398,330,2
271,44,1
284,220,2
58,227,5
2039,331,3
654,220,5
1140,316,3
445,316,1
1472,316,3
1502,225,3
1659,72,1
1484,119,3
21,346,4
2178,267,3
2182,72,2
1605,331,4
1721,310,2
1222,267,3
1009,316,1
1644,263,3
1165,220,3
727,342,5
414,267,1
2429,220,3
1634,316,2
1824,278,3
1523,91,2
1535,330,5
2429,267,3
2412,72,3
317,316,3
2051,316,4
1105,204,2
822,220,1
2211,267,1
1577,393,5
576,377,2
541,404,1
1956,316,4
2317,342,1
1187,267,4
1523,316,3
225,137,4
1192,333,5
619,316,1
154,316,4
9,31,2
509,267,2
1273,267,5
2025,176,4
1803,220,2
2293,316,2
1523,72,3
1514,87,5
349,316,1
764,316,1
943,404,1
535,220,1
746,225,4
1211,404,1
1642,289,4
2230,395,5
28,100,3
510,31,1
243,404,3
2530,404,3
532,346,5
532,370,3
1679,268,5
1300,220,1
104,44,5
9,404,2
281,220,2
1644,225,3
2314,404,2
2229,220,2
2038,316,1
1523,220,3
2191,342,2
1997,267,1
2538,267,4
1534,210,3
1062,316,3
1155,316,4
142,220,2
1577,99,5
2318,317,2
1648,330,2
363,404,3
457,316,1
365,316,2
655,220,4
2396,381,5
1475,291,2
1226,407,1
2463,220,4
296,267,4
2464,267,5
70,141,3
1339,267,1
1496,131,1
1437,260,2
1119,31,3
510,220,1
201,141,5
2044,220,4
247,198,3
1246,316,3
636,358,5
2219,220,1
1644,151,2
2108,197,3
58,72,4
2470,220,1
560,267,4
1577,198,5
275,319,1
2421,220,2
1160,87,2
1495,342,1
1661,3,1
1428,244,4
2190,278,3
1563,3,2
0,278,1
1484,322,4
1491,346,2
2537,72,1
1719,117,4
2247,143,3
1963,267,4
1640,331,2
57,358,3
708,319,3
1567,220,5
1545,214,1
1309,316,1
361,331,1
2043,259,1
1868,395,5
765,319,1
1523,257,4
1737,331,3
230,407,3
1674,267,4
1375,31,1
529,204,5
97,316,1
755,278,3
1874,316,4
2496,220,4
1557,342,5
1839,267,5
2466,220,3
1976,267,3
1182,407,4
553,316,2
654,176,5
271,152,2
266,144,2
841,220,4
230,90,3
163,220,1
1513,220,1
755,141,4
696,396,5
47,267,4
1470,228,3
1495,87,4
462,44,1
14,136,2
139,143,4
1728,198,1
46,389,3
712,30,3
1577,333,5
2212,176,4
1402,267,2
1094,317,2
576,407,5
1078,220,2
1225,316,2
1086,316,1
229,137,3
2167,176,5
291,331,3
1445,316,1
639,331,3
1937,267,1
676,316,2
464,267,1
1288,340,4
757,267,2
70,44,3
1206,267,5
2323,220,2
2142,267,5
2094,72,5
198,393,4
249,316,1
2180,267,1
1775,267,2
810,220,1
325,330,2
1534,26,4
340,267,2
2292,72,4
851,204,3
1305,390,3
225,80,4
2098,284,5
282,31,2
305,316,1
1568,131,2
1679,319,5
26,204,5
576,281,5
1471,141,3
722,316,3
2465,404,4
1534,84,4
1961,267,3
2052,319,1
1456,31,2
1602,204,2
279,331,2
2058,175,1
2423,404,3
1584,220,5
1219,267,3
1497,235,4
1492,267,1
576,110,4
1102,67,5
1695,316,1
104,87,5
1605,220,5
2352,220,3
2533,404,1
39,204,2
263,267,3
1188,267,4
1924,317,2
281,90,2
1288,415,4
46,250,5
1467,222,3
401,316,2
576,278,3
1408,267,2
1977,267,3
2290,31,1
1534,39,5
1407,188,3
576,223,3
2423,267,3
642,31,4
1072,316,1
1339,220,1
1787,316,3
1337,72,3
2058,198,2
1119,335,3
1125,69,2
1204,353,2
1654,267,3
32,131,3
844,342,4
29,316,2
1123,267,1
109,220,1
1451,220,2
274,316,2
240,267,3
695,72,3
1473,141,4
636,267,5
1198,220,2
1143,220,4
2444,220,5
1523,190,3
1533,267,4
1831,316,1
582,16,4
1263,7,2
1892,267,2
723,316,1
658,330,2
611,44,2
2500,220,3
1484,80,4
643,267,5
1629,3,1
1569,316,2
98,44,1
978,316,4
1475,31,2
1796,330,1
1988,319,4
168,404,2
2094,105,3
14,342,3
1470,60,5
1482,122,2
201,77,5
116,7,2
2247,317,2
1307,267,4
1376,220,5
1857,220,3
1688,267,3
2376,267,2
1534,263,4
2291,204,3
94,319,4
1534,0,4
389,267,3
535,204,3
859,115,5
1783,267,4
1497,139,4
2039,273,2
2313,267,5
226,220,4
308,342,4
907,316,2
1351,316,1
529,335,5
1470,192,3
2060,72,2
432,316,2
2191,407,3
1024,220,5
937,331,3
2094,263,5
207,390,2
1990,267,4
103,198,5
1534,68,5
1715,336,2
1714,342,5
2229,267,2
2575,267,4
450,316,1
1830,267,5
2292,267,5
46,203,4
1098,220,3
1158,105,2
2140,198,3
33,95,2
2121,316,2
2265,346,2
1134,267,4
1161,187,3
186,220,3
1832,250,1
1303,330,2
173,220,2
4,0,5
28,31,3
1540,72,1
625,346,2
1947,316,1
139,395,5
2358,44,5
1628,267,5
223,319,4
1202,267,3
58,278,5
1391,220,4
1166,267,3
2428,404,4
23,220,3
977,316,2
5,267,1
2171,176,1
1300,188,1
1635,206,1
2241,267,1
622,330,3
1534,361,4
1692,346,3
1273,220,4
1349,316,3
359,220,5
1546,99,1
1641,185,1
726,204,2
607,330,3
749,239,3
2109,220,3
1519,408,3
2098,359,5
35,267,3
1460,72,3
1344,44,2
490,316,3
136,359,1
557,316,1
207,214,2
2399,404,1
1782,220,3
1534,220,3
2479,220,2
247,158,3
1102,152,5
1540,398,1
2156,316,1
692,7,2
2077,0,1
2073,220,1
1484,413,5
215,244,3
2059,278,3
2547,220,5
1941,267,4
582,198,3
2040,220,3
1605,316,3
1526,331,1
2356,267,1
1116,316,3
2277,316,1
1470,151,3
359,316,5
1480,95,2
222,331,3
9,44,2
1869,268,5
1470,359,3
654,404,4
1367,388,3
2110,220,3
1087,331,2
46,308,4
623,331,1
2200,158,3
225,379,4
769,220,2
1016,316,3
424,316,2
1692,5,2
1164,273,3
585,220,2
1168,176,1
1272,72,2
994,316,1
1531,175,3
1533,316,2
2234,330,3
2412,404,3
1736,278,4
1762,316,1
1504,220,3
444,220,1
2066,150,2
1925,267,2
1502,395,4
535,31,4
864,316,2
504,316,2
1428,393,4
1291,267,2
1777,316,3
1652,3,1
576,128,4
1470,395,5
1534,381,5
1944,267,1
2383,267,3
2330,220,2
1915,316,4
146,393,1
583,31,2
2502,267,5
1985,404,3
583,331,2
2393,220,1
1456,267,3
2304,72,3
532,79,5
1710,0,1
225,214,4
418,220,1
776,316,2
2219,316,1
2162,176,2
695,65,3
1679,141,5
481,44,1
504,7,2
2459,304,3
1907,267,2
426,138,1
633,220,1
2001,267,2
